id,type,source_path,class_name,method_name,feature_name,description,subdirectory,status,notes,v2_location,date_tested
java-001,java_test,CallResponseTest.java,CallResponseTest,testPayments,,testPayments,root,skipped,Out of scope - requires MockServer,,2025-12-20
java-002,java_test,DummyUiTest.java,DummyUiTest,testUiGoogle,,testUiGoogle,root,skipped,Out of scope - requires Browser/Driver,,2025-12-20
java-003,java_test,FeatureFailRunner.java,FeatureFailRunner,testFailJs,,testFailJs,root,passed,V2 correctly fails on missing JS file (expected behavior),,2025-12-20
java-004,java_test,FeatureFailRunner.java,FeatureFailRunner,testCallSingleFail,,testCallSingleFail,root,passed,callSingle implemented - test needs env/config propagation in compat runner,CallSingleTest,2025-12-20
java-005,java_test,FeatureFailRunner.java,FeatureFailRunner,testExec,,testExec,root,passed,karate.exec() implemented,io/karatelabs/core/StepExecTest,2025-12-20
java-006,java_test,FeatureFailRunner.java,FeatureFailRunner,testFork,,testFork,root,passed,karate.fork() implemented,io/karatelabs/core/StepExecTest,2025-12-20
java-007,java_test,FeatureFailRunner.java,FeatureFailRunner,testForkListener,,testForkListener,root,passed,fork listener tested in ProcessHandleTest,io/karatelabs/process/ProcessHandleTest,2025-12-20
java-008,java_test,FeatureFailRunner.java,FeatureFailRunner,testUsersDoc,,testUsersDoc,root,passed,doc keyword implemented using TEMPLATING.md infrastructure with embed support,StepDocTest,2025-12-21
java-009,java_test,FeatureFailRunner.java,FeatureFailRunner,testUiGoogle,,testUiGoogle,root,skipped,Out of scope - requires Browser/Driver,,2025-12-21
java-010,java_test,FeatureFailRunner.java,FeatureFailRunner,testOutlineDynamicFail,,testOutlineDynamicFail,root,passed,V2 correctly fails on missing @setup tag (expected behavior),,2025-12-21
java-011,java_test,FeatureResultTest.java,FeatureResultTest,testJsonConversion,,testJsonConversion,root,skipped,Out of scope - Java Runner API (FeatureResult.toKarateJson/toCucumberJson),,2025-12-21
java-012,java_test,FeatureRuntimeTest.java,FeatureRuntimeTest,testFailTag,,testFailTag,root,passed,@fail tag implemented - inverts pass/fail result,ScenarioRuntimeTest,2025-12-21
java-013,java_test,FeatureRuntimeTest.java,FeatureRuntimeTest,testFailTagFailure,,testFailTagFailure,root,passed,@fail tag implemented - inverts pass/fail result,ScenarioRuntimeTest,2025-12-21
java-014,java_test,FeatureRuntimeTest.java,FeatureRuntimeTest,testFail1,,testFail1,root,passed,V2 correctly fails on match mismatch (expected behavior),,2025-12-21
java-015,java_test,FeatureRuntimeTest.java,FeatureRuntimeTest,testCallOnce,,testCallOnce,root,passed,callonce in Background works correctly,,2025-12-21
java-016,java_test,FeatureRuntimeTest.java,FeatureRuntimeTest,testCallOnceWithUtilsPresentInKarateConfig,,testCallOnceWithUtilsPresentInKarateConfig,root,passed,Same as java-015 with config utils - verified via compat runner,,2025-12-21
java-017,java_test,FeatureRuntimeTest.java,FeatureRuntimeTest,testCallOnceGlobal,,testCallOnceGlobal,root,passed,callonce with shared scope does not leak variables between scenarios,,2025-12-21
java-018,java_test,FeatureRuntimeTest.java,FeatureRuntimeTest,testTags,,testTags,root,passed,runs tags.feature which passes,,2025-12-19
java-019,java_test,FeatureRuntimeTest.java,FeatureRuntimeTest,testAbort,,testAbort,root,passed,runs abort.feature which passes,,2025-12-19
java-020,java_test,FeatureRuntimeTest.java,FeatureRuntimeTest,testAlign,,testAlign,root,passed,runs align.feature which passes,,2025-12-19
java-021,java_test,FeatureRuntimeTest.java,FeatureRuntimeTest,testFailApi,,testFailApi,root,passed,karate.fail() implemented,ScenarioRuntimeTest,2025-12-21
java-022,java_test,FeatureRuntimeTest.java,FeatureRuntimeTest,testCallFeatureFromJs,,testCallFeatureFromJs,root,passed,V2 supports karate.call from JS functions,,2025-12-21
java-023,java_test,FeatureRuntimeTest.java,FeatureRuntimeTest,testCallJsFromFeatureUtilsDefinedInKarateConfig,,testCallJsFromFeatureUtilsDefinedInKarateConfig,root,passed,V2 supports karate.call from config (requires relative paths),ConfigTest,2025-12-21
java-024,java_test,FeatureRuntimeTest.java,FeatureRuntimeTest,testCallOnceJsFromFeatureUtilsDefinedInKarateConfig,,testCallOnceJsFromFeatureUtilsDefinedInKarateConfig,root,passed,karate.callonce() JS method implemented,ConfigTest#testCallonceFromConfig,2025-12-21
java-025,java_test,FeatureRuntimeTest.java,FeatureRuntimeTest,testKarateJsGetScenario,,testKarateJsGetScenario,root,passed,karate.scenario property implemented,ConfigTest#testScenarioPropertyFromConfig,2025-12-21
java-026,java_test,FeatureRuntimeTest.java,FeatureRuntimeTest,testKarateJsFromKarateBase,,testKarateJsFromKarateBase,root,passed,karate-base.js implemented - shared functions available to configs,ConfigTest#testKarateBaseJs*,2025-12-21
java-027,java_test,FeatureRuntimeTest.java,FeatureRuntimeTest,testCallByTag,,testCallByTag,root,passed,call-by-tag syntax implemented,io/karatelabs/core/CallFeatureTest,2025-12-20
java-028,java_test,FeatureRuntimeTest.java,FeatureRuntimeTest,testCallByTagCalled,,testCallByTagCalled,root,passed,call-by-tag called feature works,io/karatelabs/core/CallFeatureTest,2025-12-20
java-029,java_test,FeatureRuntimeTest.java,FeatureRuntimeTest,testCopyAndClone,,testCopyAndClone,root,passed,runs copy.feature which passes,,2025-12-19
java-030,java_test,FeatureRuntimeTest.java,FeatureRuntimeTest,testMatchEachMagicVariables,,testMatchEachMagicVariables,root,passed,runs match-each-magic-variables.feature which passes,,2025-12-19
java-031,java_test,FeatureRuntimeTest.java,FeatureRuntimeTest,testEvalAndSet,,testEvalAndSet,root,passed,runs eval-and-set.feature which passes,,2025-12-19
java-032,java_test,FeatureRuntimeTest.java,FeatureRuntimeTest,testEvalAssign,,testEvalAssign,root,passed,runs eval-assign.feature which passes,,2025-12-19
java-033,java_test,FeatureRuntimeTest.java,FeatureRuntimeTest,testExtract,,testExtract,root,passed,karate.extract() and extractAll() implemented,StepJsTest#testExtract*,2025-12-21
java-034,java_test,FeatureRuntimeTest.java,FeatureRuntimeTest,testConfigureInJs,,testConfigureInJs,root,passed,karate.configure() from JS implemented,ConfigTest#testConfigureFromJs,2025-12-21
java-035,java_test,FeatureRuntimeTest.java,FeatureRuntimeTest,testTable,,testTable,root,passed,runs table.feature which passes,,2025-12-19
java-036,java_test,FeatureRuntimeTest.java,FeatureRuntimeTest,testSet,,testSet,root,passed,runs set.feature which passes,,2025-12-19
java-037,java_test,FeatureRuntimeTest.java,FeatureRuntimeTest,testSetXml,,testSetXml,root,passed,karate.setXml() implemented,io/karatelabs/core/StepXmlTest,2025-12-19
java-038,java_test,FeatureRuntimeTest.java,FeatureRuntimeTest,testJsRead,,testJsRead,root,passed,call read shorthand and this: prefix implemented,,2025-12-21
java-039,java_test,FeatureRuntimeTest.java,FeatureRuntimeTest,testJsRead2,,testJsRead2,root,passed,Fixed NPE in Scenario.replace() for unnamed scenario outlines,DynamicOutlineTest#testDynamicOutlineWithUnnamedScenario,2025-12-21
java-040,java_test,FeatureRuntimeTest.java,FeatureRuntimeTest,testJsRead3,,testJsRead3,root,passed,Same fix as java-039 - unnamed scenario outlines,DynamicOutlineTest#testDynamicOutlineWithUnnamedScenario,2025-12-21
java-041,java_test,FeatureRuntimeTest.java,FeatureRuntimeTest,testJsRead4,,testJsRead4,root,passed,Same fix as java-039 - unnamed scenario outlines,DynamicOutlineTest#testDynamicOutlineWithUnnamedScenario,2025-12-21
java-042,java_test,FeatureRuntimeTest.java,FeatureRuntimeTest,testJsMapRepeat,,testJsMapRepeat,root,passed,karate.map and karate.repeat work correctly,StepJsTest,2025-12-21
java-043,java_test,FeatureRuntimeTest.java,FeatureRuntimeTest,testCallFeature,,testCallFeature,root,passed,runs call-feature.feature which passes,,2025-12-19
java-044,java_test,FeatureRuntimeTest.java,FeatureRuntimeTest,testOutlineGenerator,,testOutlineGenerator,root,passed,dynamic outline generator with karate.setup() works,,2025-12-21
java-045,java_test,FeatureRuntimeTest.java,FeatureRuntimeTest,testToBean,,testToBean,root,passed,Cat class and toBean/toJson/toJava tests added,JavaInteropTest,2025-12-21
java-046,java_test,FeatureRuntimeTest.java,FeatureRuntimeTest,testOutline,,testOutline,root,passed,runs outline.feature which passes,,2025-12-19
java-047,java_test,FeatureRuntimeTest.java,FeatureRuntimeTest,testOutlineBackground,,testOutlineBackground,root,passed,table in @setup with dynamic outline works - added testDynamicOutlineWithTableKeyword,DynamicOutlineTest,2025-12-21
java-048,java_test,FeatureRuntimeTest.java,FeatureRuntimeTest,testOutlineDynamic,,testOutlineDynamic,root,passed,dynamic outline with __row and __num works,DynamicOutlineTest,2025-12-21
java-049,java_test,FeatureRuntimeTest.java,FeatureRuntimeTest,testOutlineSetupOnce,,testOutlineSetupOnce,root,passed,setupOnce with dynamic outline works,DynamicOutlineTest,2025-12-21
java-050,java_test,FeatureRuntimeTest.java,FeatureRuntimeTest,testOutlineConfigJsParallel,,testOutlineConfigJsParallel,root,passed,Parallel execution with config functions and callSingle works - deep copy for thread safety implemented,io/karatelabs/core/parallel/ParallelTest,2025-12-21
java-051,java_test,FeatureRuntimeTest.java,FeatureRuntimeTest,testOutlineConfigJsCallSingleParallel,,testOutlineConfigJsCallSingleParallel,root,passed,callSingle thread safety verified - same instance across threads with deep copy isolation,io/karatelabs/core/parallel/ParallelTest,2025-12-21
java-052,java_test,FeatureRuntimeTest.java,FeatureRuntimeTest,testCallSingleOutlineExampleByTag,,testCallSingleOutlineExampleByTag,root,passed,callSingle with tag selector works in parallel,io/karatelabs/core/parallel/ParallelTest,2025-12-21
java-053,java_test,FeatureRuntimeTest.java,FeatureRuntimeTest,testCallArg,,testCallArg,root,passed,runs call-arg.feature which passes,,2025-12-19
java-054,java_test,FeatureRuntimeTest.java,FeatureRuntimeTest,testCallArgNull,,testCallArgNull,root,passed,runs call-arg-null.feature which passes,,2025-12-19
java-055,java_test,FeatureRuntimeTest.java,FeatureRuntimeTest,testIgnoreStepFailure,,testIgnoreStepFailure,root,pending,,,
java-056,java_test,FeatureRuntimeTest.java,FeatureRuntimeTest,testKarateFork,,testKarateFork,root,passed,karate.fork() implemented,io/karatelabs/core/StepExecTest,2025-12-20
java-057,java_test,FeatureRuntimeTest.java,FeatureRuntimeTest,testCsv,,testCsv,root,passed,runs csv.feature which passes,,2025-12-19
java-058,java_test,FeatureRuntimeTest.java,FeatureRuntimeTest,testXmlPretty,,testXmlPretty,root,passed,karate.prettyXml() implemented,io/karatelabs/core/StepXmlTest,2025-12-19
java-059,java_test,FeatureRuntimeTest.java,FeatureRuntimeTest,testMatchStep,,testMatchStep,root,passed,runs match-step.feature which passes,,2025-12-19
java-060,java_test,FeatureRuntimeTest.java,FeatureRuntimeTest,testCallJsonPath,,testCallJsonPath,root,pending,,,
java-061,java_test,FeatureRuntimeTest.java,FeatureRuntimeTest,testSchemaRead,,testSchemaRead,root,pending,,,
java-062,java_test,FeatureRuntimeTest.java,FeatureRuntimeTest,testTypeConversion,,testTypeConversion,root,pending,,,
java-063,java_test,FeatureRuntimeTest.java,FeatureRuntimeTest,testKarateGet,,testKarateGet,root,pending,,,
java-064,java_test,FeatureRuntimeTest.java,FeatureRuntimeTest,testOutlineCsv,,testOutlineCsv,root,pending,,,
java-065,java_test,FeatureRuntimeTest.java,FeatureRuntimeTest,testReadProperties,,testReadProperties,root,pending,,,
java-066,java_test,FeatureRuntimeTest.java,FeatureRuntimeTest,testCallSelf,,testCallSelf,root,pending,,,
java-067,java_test,FeatureRuntimeTest.java,FeatureRuntimeTest,testBigDecimal,,testBigDecimal,root,passed,runs big-decimal.feature which passes,,2025-12-19
java-068,java_test,FeatureRuntimeTest.java,FeatureRuntimeTest,testJsArrays,,testJsArrays,root,passed,runs js-arrays.feature which passes,,2025-12-19
java-069,java_test,FeatureRuntimeTest.java,FeatureRuntimeTest,testLowerCase,,testLowerCase,root,passed,runs lower-case.feature (JSON passes),,2025-12-19
java-070,java_test,FeatureRuntimeTest.java,FeatureRuntimeTest,testNotEquals,,testNotEquals,root,passed,runs not-equals.feature which passes,,2025-12-19
java-071,java_test,FeatureRuntimeTest.java,FeatureRuntimeTest,testReplace,,testReplace,root,passed,runs replace.feature which passes,,2025-12-19
java-072,java_test,FeatureRuntimeTest.java,FeatureRuntimeTest,testScenarioVariableScope,,testScenarioVariableScope,root,passed,runs scenario-variable-scope.feature which passes,,2025-12-19
java-073,java_test,FeatureRuntimeTest.java,FeatureRuntimeTest,testSchemaLike,,testSchemaLike,root,pending,,,
java-074,java_test,FeatureRuntimeTest.java,FeatureRuntimeTest,testSortArray,,testSortArray,root,pending,,,
java-075,java_test,FeatureRuntimeTest.java,FeatureRuntimeTest,testTypeConv,,testTypeConv,root,pending,,,
java-076,java_test,FeatureRuntimeTest.java,FeatureRuntimeTest,testConfigureNtlmAuthentication,,testConfigureNtlmAuthentication,root,pending,,,
java-077,java_test,FeatureRuntimeTest.java,FeatureRuntimeTest,testSingleScenario,,testSingleScenario,root,passed,runs single-scenario.feature which passes,,2025-12-19
java-078,java_test,JsStubGenerator.java,JsStubGenerator,testGenerateKarateStub,,testGenerateKarateStub,root,pending,,,
java-079,java_test,PaymentsMockRunner.java,PaymentsMockRunner,startMock,,startMock,root,pending,,,
java-080,java_test,PaymentsRunner.java,PaymentsRunner,testPayments,,testPayments,root,pending,,,
java-081,java_test,PerfHookTest.java,PerfHookTest,testPerfHook1,,testPerfHook1,root,pending,,,
java-082,java_test,PerfHookTest.java,PerfHookTest,testPerfHook2,,testPerfHook2,root,pending,,,
java-083,java_test,PerfHookTest.java,PerfHookTest,testPerfHook3,,testPerfHook3,root,pending,,,
java-084,java_test,PerfHookTest.java,PerfHookTest,testPerfHook4,,testPerfHook4,root,pending,,,
java-085,java_test,PerfHookTest.java,PerfHookTest,testPerfHook5,,testPerfHook5,root,pending,,,
java-086,java_test,PerfHookTest.java,PerfHookTest,testPerfHook6,,testPerfHook6,root,pending,,,
java-087,java_test,PrintTest.java,PrintTest,testPrint,,testPrint,root,pending,,,
java-088,java_test,ScenarioBridgeTest.java,ScenarioBridgeTest,testCallSingle,,testCallSingle,root,pending,,,
java-089,java_test,ScenarioBridgeTest.java,ScenarioBridgeTest,testCallSingleWithParam,,testCallSingleWithParam,root,pending,,,
java-090,java_test,ScenarioBridgeTest.java,ScenarioBridgeTest,testCallSingleScenarioWithParam,,testCallSingleScenarioWithParam,root,pending,,,
java-091,java_test,ScenarioEngineTest.java,ScenarioEngineTest,testHelpers,,testHelpers,root,pending,,,
java-092,java_test,ScenarioEngineTest.java,ScenarioEngineTest,testVariableNameValidation,,testVariableNameValidation,root,pending,,,
java-093,java_test,ScenarioEngineTest.java,ScenarioEngineTest,testParsingVariableAndJsonPath,,testParsingVariableAndJsonPath,root,pending,,,
java-094,java_test,ScenarioEngineTest.java,ScenarioEngineTest,testJsFunction,,testJsFunction,root,pending,,,
java-095,java_test,ScenarioEngineTest.java,ScenarioEngineTest,testEmbeddedString,,testEmbeddedString,root,pending,,,
java-096,java_test,ScenarioEngineTest.java,ScenarioEngineTest,testEmbeddedList,,testEmbeddedList,root,pending,,,
java-097,java_test,ScenarioEngineTest.java,ScenarioEngineTest,testEmbeddedMap,,testEmbeddedMap,root,pending,,,
java-098,java_test,ScenarioEngineTest.java,ScenarioEngineTest,testEmbeddedXml,,testEmbeddedXml,root,pending,,,
java-099,java_test,ScenarioEngineTest.java,ScenarioEngineTest,testEvalXmlAndXpath,,testEvalXmlAndXpath,root,passed,karate.xmlPath() implemented,io/karatelabs/core/StepXmlTest,2025-12-19
java-100,java_test,ScenarioEngineTest.java,ScenarioEngineTest,testEvalJsonAndJsonPath,,testEvalJsonAndJsonPath,root,pending,,,
java-101,java_test,ScenarioEngineTest.java,ScenarioEngineTest,testMatchObjectsReturnedFromJs,,testMatchObjectsReturnedFromJs,root,pending,,,
java-102,java_test,ScenarioEngineTest.java,ScenarioEngineTest,testTypeConversion,,testTypeConversion,root,pending,,,
java-103,java_test,ScenarioEngineTest.java,ScenarioEngineTest,testResponseShortCuts,,testResponseShortCuts,root,pending,,,
java-104,java_test,ScenarioEngineTest.java,ScenarioEngineTest,testSetAndRemove,,testSetAndRemove,root,pending,,,
java-105,java_test,ScenarioEngineTest.java,ScenarioEngineTest,testSetViaTable,,testSetViaTable,root,pending,,,
java-106,java_test,ScenarioEngineTest.java,ScenarioEngineTest,testTable,,testTable,root,pending,,,
java-107,java_test,ScenarioEngineTest.java,ScenarioEngineTest,testReplace,,testReplace,root,pending,,,
java-108,java_test,ScenarioOutlineResultTest.java,ScenarioOutlineResultTest,testJsonConversion,,testJsonConversion,root,pending,,,
java-109,java_test,ScenarioRuntimeTest.java,ScenarioRuntimeTest,testDefAndMatch,,testDefAndMatch,root,pending,,,
java-110,java_test,ScenarioRuntimeTest.java,ScenarioRuntimeTest,testDefAndMatchForArrays,,testDefAndMatchForArrays,root,pending,,,
java-111,java_test,ScenarioRuntimeTest.java,ScenarioRuntimeTest,testSizeOfForByteArrays,,testSizeOfForByteArrays,root,pending,,,
java-112,java_test,ScenarioRuntimeTest.java,ScenarioRuntimeTest,testConfigAndEnv,,testConfigAndEnv,root,pending,,,
java-113,java_test,ScenarioRuntimeTest.java,ScenarioRuntimeTest,testFunctionsFromGlobalConfig,,testFunctionsFromGlobalConfig,root,pending,,,
java-114,java_test,ScenarioRuntimeTest.java,ScenarioRuntimeTest,testReadFunction,,testReadFunction,root,pending,,,
java-115,java_test,ScenarioRuntimeTest.java,ScenarioRuntimeTest,testReadFilesWithExpressions,,testReadFilesWithExpressions,root,pending,,,
java-116,java_test,ScenarioRuntimeTest.java,ScenarioRuntimeTest,testCallJsFunction,,testCallJsFunction,root,pending,,,
java-117,java_test,ScenarioRuntimeTest.java,ScenarioRuntimeTest,testCallJsFunctionFromFile,,testCallJsFunctionFromFile,root,pending,,,
java-118,java_test,ScenarioRuntimeTest.java,ScenarioRuntimeTest,testCallKarateFeature,,testCallKarateFeature,root,pending,,,
java-119,java_test,ScenarioRuntimeTest.java,ScenarioRuntimeTest,testCallOnce,,testCallOnce,root,pending,,,
java-120,java_test,ScenarioRuntimeTest.java,ScenarioRuntimeTest,testCallSingle,,testCallSingle,root,pending,,,
java-121,java_test,ScenarioRuntimeTest.java,ScenarioRuntimeTest,testCallSingleThatReturnsJson,,testCallSingleThatReturnsJson,root,pending,,,
java-122,java_test,ScenarioRuntimeTest.java,ScenarioRuntimeTest,testKarateCallThatReturnsJson,,testKarateCallThatReturnsJson,root,pending,,,
java-123,java_test,ScenarioRuntimeTest.java,ScenarioRuntimeTest,testCallSingleWithinJs,,testCallSingleWithinJs,root,pending,,,
java-124,java_test,ScenarioRuntimeTest.java,ScenarioRuntimeTest,testKarateCallWithinJs,,testKarateCallWithinJs,root,pending,,,
java-125,java_test,ScenarioRuntimeTest.java,ScenarioRuntimeTest,testCallFromJs,,testCallFromJs,root,pending,,,
java-126,java_test,ScenarioRuntimeTest.java,ScenarioRuntimeTest,testCallWithJsonArgument,,testCallWithJsonArgument,root,pending,,,
java-127,java_test,ScenarioRuntimeTest.java,ScenarioRuntimeTest,testToString,,testToString,root,pending,,,
java-128,java_test,ScenarioRuntimeTest.java,ScenarioRuntimeTest,testGetSetAndRemove,,testGetSetAndRemove,root,pending,,,
java-129,java_test,ScenarioRuntimeTest.java,ScenarioRuntimeTest,testRemoveNotExistentPath,,testRemoveNotExistentPath,root,pending,,,
java-130,java_test,ScenarioRuntimeTest.java,ScenarioRuntimeTest,testDelete,,testDelete,root,pending,,,
java-131,java_test,ScenarioRuntimeTest.java,ScenarioRuntimeTest,testCollections,,testCollections,root,pending,,,
java-132,java_test,ScenarioRuntimeTest.java,ScenarioRuntimeTest,testCollectionsInFunctions,,testCollectionsInFunctions,root,pending,,,
java-133,java_test,ScenarioRuntimeTest.java,ScenarioRuntimeTest,testMatch,,testMatch,root,pending,,,
java-134,java_test,ScenarioRuntimeTest.java,ScenarioRuntimeTest,testForEach,,testForEach,root,pending,,,
java-135,java_test,ScenarioRuntimeTest.java,ScenarioRuntimeTest,testMap,,testMap,root,pending,,,
java-136,java_test,ScenarioRuntimeTest.java,ScenarioRuntimeTest,testFilter,,testFilter,root,pending,,,
java-137,java_test,ScenarioRuntimeTest.java,ScenarioRuntimeTest,testFilterKeys,,testFilterKeys,root,pending,,,
java-138,java_test,ScenarioRuntimeTest.java,ScenarioRuntimeTest,testRepeat,,testRepeat,root,pending,,,
java-139,java_test,ScenarioRuntimeTest.java,ScenarioRuntimeTest,testMapWithKey,,testMapWithKey,root,pending,,,
java-140,java_test,ScenarioRuntimeTest.java,ScenarioRuntimeTest,testMergeAndAppend,,testMergeAndAppend,root,pending,,,
java-141,java_test,ScenarioRuntimeTest.java,ScenarioRuntimeTest,testJsonPath,,testJsonPath,root,pending,,,
java-142,java_test,ScenarioRuntimeTest.java,ScenarioRuntimeTest,testLowerCase,,testLowerCase,root,pending,,,
java-143,java_test,ScenarioRuntimeTest.java,ScenarioRuntimeTest,testXmlPath,,testXmlPath,root,passed,karate.xmlPath() implemented,io/karatelabs/core/StepXmlTest,2025-12-19
java-144,java_test,ScenarioRuntimeTest.java,ScenarioRuntimeTest,testJsonToString,,testJsonToString,root,pending,,,
java-145,java_test,ScenarioRuntimeTest.java,ScenarioRuntimeTest,testToBean,,testToBean,root,pending,,,
java-146,java_test,ScenarioRuntimeTest.java,ScenarioRuntimeTest,testToJson,,testToJson,root,pending,,,
java-147,java_test,ScenarioRuntimeTest.java,ScenarioRuntimeTest,testToBeanAdvanced,,testToBeanAdvanced,root,pending,,,
java-148,java_test,ScenarioRuntimeTest.java,ScenarioRuntimeTest,testToCsv,,testToCsv,root,pending,,,
java-149,java_test,ScenarioRuntimeTest.java,ScenarioRuntimeTest,testEval,,testEval,root,pending,,,
java-150,java_test,ScenarioRuntimeTest.java,ScenarioRuntimeTest,testFromString,,testFromString,root,pending,,,
java-151,java_test,ScenarioRuntimeTest.java,ScenarioRuntimeTest,testEmbed,,testEmbed,root,pending,,,
java-152,java_test,ScenarioRuntimeTest.java,ScenarioRuntimeTest,testStepLog,,testStepLog,root,pending,,,
java-153,java_test,ScenarioRuntimeTest.java,ScenarioRuntimeTest,testWrite,,testWrite,root,pending,,,
java-154,java_test,ScenarioRuntimeTest.java,ScenarioRuntimeTest,testJavaClassAsVariable,,testJavaClassAsVariable,root,pending,,,
java-155,java_test,ScenarioRuntimeTest.java,ScenarioRuntimeTest,testCallJsFunctionShared,,testCallJsFunctionShared,root,pending,,,
java-156,java_test,ScenarioRuntimeTest.java,ScenarioRuntimeTest,testCallJsFunctionSharedJson,,testCallJsFunctionSharedJson,root,pending,,,
java-157,java_test,ScenarioRuntimeTest.java,ScenarioRuntimeTest,testSelfValidationWithVariables,,testSelfValidationWithVariables,root,pending,,,
java-158,java_test,ScenarioRuntimeTest.java,ScenarioRuntimeTest,testReadAndMatchBytes,,testReadAndMatchBytes,root,pending,,,
java-159,java_test,ScenarioRuntimeTest.java,ScenarioRuntimeTest,testJsonEmbeddedExpressionFailuresAreNotBlockers,,testJsonEmbeddedExpressionFailuresAreNotBlockers,root,pending,,,
java-160,java_test,ScenarioRuntimeTest.java,ScenarioRuntimeTest,testXmlEmbeddedExpressionFailuresAreNotBlockers,,testXmlEmbeddedExpressionFailuresAreNotBlockers,root,pending,,,
java-161,java_test,ScenarioRuntimeTest.java,ScenarioRuntimeTest,testMatchEachMagicVariablesDontLeak,,testMatchEachMagicVariablesDontLeak,root,pending,,,
java-162,java_test,ScenarioRuntimeTest.java,ScenarioRuntimeTest,testMatchMagicVariables,,testMatchMagicVariables,root,pending,,,
java-163,java_test,ScenarioRuntimeTest.java,ScenarioRuntimeTest,testArrayOnLhs,,testArrayOnLhs,root,pending,,,
java-164,java_test,ScenarioRuntimeTest.java,ScenarioRuntimeTest,testMatchContainsArrayOnLhs,,testMatchContainsArrayOnLhs,root,pending,,,
java-165,java_test,ScenarioRuntimeTest.java,ScenarioRuntimeTest,testMatchEmbeddedOptionalObject,,testMatchEmbeddedOptionalObject,root,pending,,,
java-166,java_test,ScenarioRuntimeTest.java,ScenarioRuntimeTest,testMatchSchema,,testMatchSchema,root,pending,,,
java-167,java_test,ScenarioRuntimeTest.java,ScenarioRuntimeTest,testMatchSchemaArray,,testMatchSchemaArray,root,pending,,,
java-168,java_test,ScenarioRuntimeTest.java,ScenarioRuntimeTest,testMatchSchemaMagicVariables,,testMatchSchemaMagicVariables,root,pending,,,
java-169,java_test,ScenarioRuntimeTest.java,ScenarioRuntimeTest,testMatchSchemaContainsDeep,,testMatchSchemaContainsDeep,root,pending,,,
java-170,java_test,ScenarioRuntimeTest.java,ScenarioRuntimeTest,testMatchContainsOnlyDeep,,testMatchContainsOnlyDeep,root,pending,,,
java-171,java_test,ScenarioRuntimeTest.java,ScenarioRuntimeTest,testMatchEachContainsDeep,,testMatchEachContainsDeep,root,pending,,,
java-172,java_test,ScenarioRuntimeTest.java,ScenarioRuntimeTest,testJavaInteropStatic,,testJavaInteropStatic,root,pending,,,
java-173,java_test,ScenarioRuntimeTest.java,ScenarioRuntimeTest,testJavaInteropBase64,,testJavaInteropBase64,root,pending,,,
java-174,java_test,ScenarioRuntimeTest.java,ScenarioRuntimeTest,testTypeConversionCsvEmpty,,testTypeConversionCsvEmpty,root,pending,,,
java-175,java_test,ScenarioRuntimeTest.java,ScenarioRuntimeTest,testJavaInteropParameters,,testJavaInteropParameters,root,pending,,,
java-176,java_test,ScenarioRuntimeTest.java,ScenarioRuntimeTest,testTableWithInvalidVariableName,,testTableWithInvalidVariableName,root,pending,,,
java-177,java_test,ScenarioRuntimeTest.java,ScenarioRuntimeTest,testReplace,,testReplace,root,pending,,,
java-178,java_test,ScenarioRuntimeTest.java,ScenarioRuntimeTest,testDistinct,,testDistinct,root,pending,,,
java-179,java_test,ScenarioRuntimeTest.java,ScenarioRuntimeTest,testSort,,testSort,root,pending,,,
java-180,java_test,ScenarioRuntimeTest.java,ScenarioRuntimeTest,testRange,,testRange,root,pending,,,
java-181,java_test,ScenarioRuntimeTest.java,ScenarioRuntimeTest,testUrlEncodeAndDecode,,testUrlEncodeAndDecode,root,pending,,,
java-182,java_test,ScenarioRuntimeTest.java,ScenarioRuntimeTest,testMatchXmlXpath,,testMatchXmlXpath,root,pending,,,
java-183,java_test,ScenarioRuntimeTest.java,ScenarioRuntimeTest,testContinueOnStepFailure,,testContinueOnStepFailure,root,pending,,,
java-184,java_test,ScenarioRuntimeTest.java,ScenarioRuntimeTest,testContinueOnStepFailure2,,testContinueOnStepFailure2,root,pending,,,
java-185,java_test,ScenarioRuntimeTest.java,ScenarioRuntimeTest,testContinueOnStepFailure3,,testContinueOnStepFailure3,root,pending,,,
java-186,java_test,ScenarioRuntimeTest.java,ScenarioRuntimeTest,testContinueOnStepFailure4,,testContinueOnStepFailure4,root,pending,,,
java-187,java_test,ScenarioRuntimeTest.java,ScenarioRuntimeTest,testContinueOnStepFailure5,,testContinueOnStepFailure5,root,pending,,,
java-188,java_test,ScenarioRuntimeTest.java,ScenarioRuntimeTest,testContinueOnStepFailure6,,testContinueOnStepFailure6,root,pending,,,
java-189,java_test,ScenarioRuntimeTest.java,ScenarioRuntimeTest,testContinueOnStepFailure7,,testContinueOnStepFailure7,root,pending,,,
java-190,java_test,ScenarioRuntimeTest.java,ScenarioRuntimeTest,testContinueOnStepFailure8,,testContinueOnStepFailure8,root,pending,,,
java-191,java_test,StepRuntimeTest.java,StepRuntimeTest,testConversionMethodWithNoParams,,testConversionMethodWithNoParams,root,pending,,,
java-192,java_test,StepRuntimeTest.java,StepRuntimeTest,testFindMethodsByKeywordNoResults,,testFindMethodsByKeywordNoResults,root,pending,,,
java-193,java_test,TagsTest.java,TagsTest,testCucumberOptionsTagsConversion,,testCucumberOptionsTagsConversion,root,pending,,,
java-194,java_test,TagsTest.java,TagsTest,testTagSelectors,,testTagSelectors,root,pending,,,
java-195,java_test,TagsTest.java,TagsTest,testTagValueSelectors,,testTagValueSelectors,root,pending,,,
java-196,java_test,TagsTest.java,TagsTest,testEnvSelectors,,testEnvSelectors,root,pending,,,
java-197,java_test,VariableTest.java,VariableTest,testJsFunction,,testJsFunction,root,pending,,,
java-198,java_test,VariableTest.java,VariableTest,testPojo,,testPojo,root,pending,,,
java-199,java_test,VariableTest.java,VariableTest,testClass,,testClass,root,pending,,,
java-200,java_test,VariableTest.java,VariableTest,testJavaFunction,,testJavaFunction,root,pending,,,
java-201,java_test,features/RemainingFeaturesTest.java,RemainingFeaturesTest,testRemainingFeaturesSingleThread,,testRemainingFeaturesSingleThread,features,pending,,,
java-202,java_test,features/RemainingFeaturesTest.java,RemainingFeaturesTest,testRemainingFeaturesParallel,,testRemainingFeaturesParallel,features,pending,,,
java-203,java_test,jscall/JsCallTest.java,JsCallTest,testParallel,,testParallel,jscall,passed,Config functions work correctly in parallel scenarios,io/karatelabs/core/parallel/ParallelTest,2025-12-21
java-204,java_test,jscall/JsCallonceTest.java,JsCallonceTest,testParallel,,testParallel,jscall,passed,callonce in Background with parallel execution works - deep copy isolation implemented,io/karatelabs/core/parallel/ParallelTest,2025-12-21
java-205,java_test,jscall2/JsCall2Test.java,JsCall2Test,testParallel,,testParallel,jscall2,skipped,Out of scope - requires MockServer (HTTP tests in parallel),,2025-12-21
java-206,java_test,mock/MockRunner.java,MockRunner,testBinary,,testBinary,mock,skipped,Out of scope - V2 mock server not implemented,,
java-207,java_test,mock/MockRunner.java,MockRunner,testBrotli,,testBrotli,mock,skipped,Out of scope - V2 mock server not implemented,,
java-208,java_test,mock/MockRunner.java,MockRunner,testHtml,,testHtml,mock,skipped,Out of scope - V2 mock server not implemented,,
java-209,java_test,mock/MockRunner.java,MockRunner,testMalformed,,testMalformed,mock,skipped,Out of scope - V2 mock server not implemented,,
java-210,java_test,mock/MockRunner.java,MockRunner,testMultipart,,testMultipart,mock,skipped,Out of scope - V2 mock server not implemented,,
java-211,java_test,mock/MockRunner.java,MockRunner,testInvalidCookie,,testInvalidCookie,mock,skipped,Out of scope - V2 mock server not implemented,,
java-212,java_test,mock/MockSslTest.java,MockSslTest,testMock,,testMock,mock,skipped,Out of scope - V2 mock server not implemented,,
java-213,java_test,mock/MockTest.java,MockTest,testMock,,testMock,mock,skipped,Out of scope - V2 mock server not implemented,,
java-214,java_test,parajava/ParallelJavaTest.java,ParallelJavaTest,testParallel,,testParallel,parajava,skipped,Out of scope - legacy parallel runner,,
java-215,java_test,parallel/HelloTest.java,HelloTest,testParallel,,testParallel,parallel,skipped,Out of scope - requires MockServer (HTTP tests in parallel),,2025-12-21
java-216,java_test,parallel/ParallelCsvTest.java,ParallelCsvTest,testParallel,,testParallel,parallel,skipped,Out of scope - requires MockServer (HTTP tests in parallel),,2025-12-21
java-217,java_test,parallel/ParallelOutlineTest.java,ParallelOutlineTest,testParallelOutline,,testParallelOutline,parallel,skipped,Out of scope - requires MockServer (HTTP tests in parallel),,2025-12-21
java-218,java_test,parallel/ParallelTest.java,ParallelTest,testParallel,,testParallel,parallel,skipped,Out of scope - requires MockServer (HTTP tests in parallel),,2025-12-21
java-219,java_test,parasimple/ParallelOutlineSimpleTest.java,ParallelOutlineSimpleTest,testParallelOutline,,testParallelOutline,parasimple,skipped,Out of scope - legacy parallel runner,,
java-220,java_test,parser/FeatureParserTest.java,FeatureParserTest,testEngineForSimpleFeature,,testEngineForSimpleFeature,parser,pending,,,
java-221,java_test,parser/FeatureParserTest.java,FeatureParserTest,testEngineForSimpleFeatureWithBackground,,testEngineForSimpleFeatureWithBackground,parser,pending,,,
java-222,java_test,parser/FeatureParserTest.java,FeatureParserTest,testEngineForError,,testEngineForError,parser,pending,,,
java-223,java_test,parser/FeatureParserTest.java,FeatureParserTest,testParsingFeatureDescription,,testParsingFeatureDescription,parser,pending,,,
java-224,java_test,parser/FeatureParserTest.java,FeatureParserTest,testFeatureWithIgnore,,testFeatureWithIgnore,parser,pending,,,
java-225,java_test,parser/FeatureParserTest.java,FeatureParserTest,testScenarioWithIgnore,,testScenarioWithIgnore,parser,pending,,,
java-226,java_test,parser/FeatureParserTest.java,FeatureParserTest,testDefDocString,,testDefDocString,parser,pending,,,
java-227,java_test,parser/FeatureParserTest.java,FeatureParserTest,testSetTable,,testSetTable,parser,pending,,,
java-228,java_test,parser/FeatureParserTest.java,FeatureParserTest,testEmptyFeature,,testEmptyFeature,parser,pending,,,
java-229,java_test,parser/FeatureParserTest.java,FeatureParserTest,testEmptyFirstLine,,testEmptyFirstLine,parser,pending,,,
java-230,java_test,parser/FeatureParserTest.java,FeatureParserTest,testFeatureHeaderOnly,,testFeatureHeaderOnly,parser,pending,,,
java-231,java_test,parser/FeatureParserTest.java,FeatureParserTest,testTablePipe,,testTablePipe,parser,pending,,,
java-232,java_test,parser/FeatureParserTest.java,FeatureParserTest,testOutlineName,,testOutlineName,parser,pending,,,
java-233,java_test,parser/FeatureParserTest.java,FeatureParserTest,testOutlineNameJs,,testOutlineNameJs,parser,pending,,,
java-234,java_test,parser/FeatureParserTest.java,FeatureParserTest,testTagsMultiline,,testTagsMultiline,parser,pending,,,
java-235,java_test,parser/FeatureParserTest.java,FeatureParserTest,testEdgeCases,,testEdgeCases,parser,pending,,,
java-236,java_test,parser/FeatureParserTest.java,FeatureParserTest,testOutlineDynamic,,testOutlineDynamic,parser,pending,,,
java-237,java_test,parser/FeatureParserTest.java,FeatureParserTest,testStepEditing,,testStepEditing,parser,pending,,,
java-238,java_test,parser/FeatureParserTest.java,FeatureParserTest,testEmptyBackground,,testEmptyBackground,parser,pending,,,
java-239,java_test,parser/FeatureParserTest.java,FeatureParserTest,testHide,,testHide,parser,pending,,,
java-240,java_test,parser/FeatureParserTest.java,FeatureParserTest,testComments,,testComments,parser,pending,,,
java-241,java_test,parser/FeatureParserTest.java,FeatureParserTest,testScenarioDescription,,testScenarioDescription,parser,pending,,,
java-242,java_test,parser/FeatureParserTest.java,FeatureParserTest,testScenariOutlineReadWithoutTags,,testScenariOutlineReadWithoutTags,parser,pending,,,
java-243,java_test,retry/RetryTest.java,RetryTest,testParallel,,testParallel,retry,pending,,,
java-244,java_test,retry/RetryTest.java,RetryTest,testSetup,,testSetup,retry,pending,,,
java-245,java_test,runner/FeatureResultTest.java,FeatureResultTest,testFailureMultiScenarioFeature,,testFailureMultiScenarioFeature,runner,pending,,,
java-246,java_test,runner/FeatureResultTest.java,FeatureResultTest,testAbortMultiScenarioFeature,,testAbortMultiScenarioFeature,runner,pending,,,
java-247,java_test,runner/FeatureResultTest.java,FeatureResultTest,testLambdaFunctionsInScenarioFeature,,testLambdaFunctionsInScenarioFeature,runner,pending,,,
java-248,java_test,runner/FeatureResultTest.java,FeatureResultTest,testStackOverFlowError,,testStackOverFlowError,runner,pending,,,
java-249,java_test,runner/FeatureResultTest.java,FeatureResultTest,testScenarioOutlineXmlResult,,testScenarioOutlineXmlResult,runner,pending,,,
java-250,java_test,runner/FeatureReuseTest.java,FeatureReuseTest,testFailureInCalledShouldFailTest,,testFailureInCalledShouldFailTest,runner,pending,,,
java-251,java_test,runner/FeatureReuseTest.java,FeatureReuseTest,testArgumentsPassedForSharedScope,,testArgumentsPassedForSharedScope,runner,pending,,,
java-252,java_test,runner/FeatureReuseTest.java,FeatureReuseTest,testCallerTwo,,testCallerTwo,runner,pending,,,
java-253,java_test,runner/RunnerTest.java,RunnerTest,testScenario,,testScenario,runner,pending,,,
java-254,java_test,runner/RunnerTest.java,RunnerTest,testScenarioOutline,,testScenarioOutline,runner,pending,,,
java-255,java_test,runner/RunnerTest.java,RunnerTest,testParallel,,testParallel,runner,pending,,,
java-256,java_test,runner/RunnerTest.java,RunnerTest,testRunningFeatureFromJavaApi,,testRunningFeatureFromJavaApi,runner,pending,,,
java-257,java_test,runner/RunnerTest.java,RunnerTest,testRunningFeatureWithFailAnnotationFromJavaApi,,testRunningFeatureWithFailAnnotationFromJavaApi,runner,pending,,,
java-258,java_test,runner/RunnerTest.java,RunnerTest,testRunningFeatureWithFailAnnotationFailureFromJavaApi,,testRunningFeatureWithFailAnnotationFailureFromJavaApi,runner,pending,,,
java-259,java_test,runner/RunnerTest.java,RunnerTest,testRunningFeatureFailureFromJavaApi,,testRunningFeatureFailureFromJavaApi,runner,pending,,,
java-260,java_test,runner/RunnerTest.java,RunnerTest,testRunningFeatureFailureFromRunner,,testRunningFeatureFailureFromRunner,runner,pending,,,
java-261,java_test,runner/RunnerTest.java,RunnerTest,testRunningRelativePathFeatureFromJavaApi,,testRunningRelativePathFeatureFromJavaApi,runner,pending,,,
java-262,java_test,runner/RunnerTest.java,RunnerTest,testCallerArg,,testCallerArg,runner,pending,,,
java-263,java_test,runner/RunnerTest.java,RunnerTest,testJavaApiWithArgAndConfig,,testJavaApiWithArgAndConfig,runner,pending,,,
java-264,java_test,runner/RunnerTest.java,RunnerTest,testJavaApiWithArgNoConfig,,testJavaApiWithArgNoConfig,runner,pending,,,
java-265,java_test,runner/RunnerTest.java,RunnerTest,testJavaApiWithIgnoreTag,,testJavaApiWithIgnoreTag,runner,pending,,,
java-266,java_test,runner/TagTest.java,TagTest,testGetLine,,testGetLine,runner,pending,,,
java-267,java_test,runner/TagTest.java,TagTest,testGetText,,testGetText,runner,pending,,,
java-268,java_test,runner/TagTest.java,TagTest,testGetName,,testGetName,runner,pending,,,
java-269,java_test,runner/TagTest.java,TagTest,testGetValues,,testGetValues,runner,pending,,,
java-270,java_test,runner/TagTest.java,TagTest,testToString,,testToString,runner,pending,,,
java-271,java_test,runner/TagTest.java,TagTest,testHashcode,,testHashcode,runner,pending,,,
java-272,java_test,runner/TagTest.java,TagTest,testEquals,,testEquals,runner,pending,,,
java-273,java_test,runner/hooks/HooksTest.java,HooksTest,testDynamicOutlineHook,,testDynamicOutlineHook,runner/hooks,pending,,,
java-274,java_test,runner/hooks/HooksTest.java,HooksTest,testMultipleDynamicOutlineMultipleTablesHook,,testMultipleDynamicOutlineMultipleTablesHook,runner/hooks,pending,,,
java-275,java_test,runner/hooks/HooksTest.java,HooksTest,testMultipleDynamicOutlineMultipleTablesTagSelectHook,,testMultipleDynamicOutlineMultipleTablesTagSelectHook,runner/hooks,pending,,,
java-276,java_test,runner/hooks/HooksTest.java,HooksTest,testDynamicOutlineHookNoStepExecution,,testDynamicOutlineHookNoStepExecution,runner/hooks,pending,,,
java-277,java_test,runner/hooks/HooksTest.java,HooksTest,testDynamicOutlineHookNoScenarioExecution,,testDynamicOutlineHookNoScenarioExecution,runner/hooks,pending,,,
java-278,java_test,runner/hooks/HooksTest.java,HooksTest,testDynamicOutlineHookNoFeatureExecution,,testDynamicOutlineHookNoFeatureExecution,runner/hooks,pending,,,
java-279,java_test,runner/hooks/HooksTest.java,HooksTest,testOutlineHookNoStepExecutionWithoutError,,testOutlineHookNoStepExecutionWithoutError,runner/hooks,pending,,,
java-280,java_test,runner/hooks/HooksTest.java,HooksTest,testOutlineHook,,testOutlineHook,runner/hooks,pending,,,
java-281,java_test,runner/hooks/HooksTest.java,HooksTest,testScenarioHook,,testScenarioHook,runner/hooks,pending,,,
java-282,java_test,runner/hooks/ScenarioHookSkipTest.java,ScenarioHookSkipTest,testStopIfScenarioHasNoTags,,testStopIfScenarioHasNoTags,runner/hooks,pending,,,
java-283,java_test,runner/hooks/ScenarioHookTest.java,ScenarioHookTest,testStopIfScenarioHasNoTags,,testStopIfScenarioHasNoTags,runner/hooks,pending,,,
java-284,java_test,runner/hooks/ScenarioHookTest.java,ScenarioHookTest,testHookForExamplesWithTags,,testHookForExamplesWithTags,runner/hooks,pending,,,
java-285,java_test,tags/TagsTest.java,TagsTest,testFeatureTag,,testFeatureTag,tags,pending,,,
java-286,java_test,tags/TagsTest.java,TagsTest,testOutlineTag,,testOutlineTag,tags,pending,,,
java-287,java_test,tags/TagsTest.java,TagsTest,testOneTag,,testOneTag,tags,pending,,,
java-288,java_test,tags/TagsTest.java,TagsTest,testOneAndBoth,,testOneAndBoth,tags,pending,,,
java-289,java_test,tags/TagsTest.java,TagsTest,testNoneOrBoth,,testNoneOrBoth,tags,pending,,,
java-290,java_test,tags/TagsTest.java,TagsTest,testEnvNotFoo,,testEnvNotFoo,tags,pending,,,
java-291,java_test,tags/TagsTest.java,TagsTest,testEnvFoo,,testEnvFoo,tags,pending,,,
java-292,java_test,xml/XmlTest.java,XmlTest,testXml,,testXml,xml,passed,runs xml.feature which passes,io/karatelabs/core/StepXmlTest,2025-12-19
feature-001,feature,abort.feature,,,abort.feature,abort.feature,root,passed,implemented karate.abort(),,2025-12-17
feature-002,feature,align.feature,,,align.feature,align.feature,root,passed,,,2025-12-17
feature-003,feature,big-decimal.feature,,,big-decimal.feature,big-decimal.feature,root,passed,,,2025-12-17
feature-004,feature,call-arg-called.feature,,,call-arg-called.feature,call-arg-called.feature,root,passed,helper for call-arg.feature,,2025-12-19
feature-005,feature,call-arg-common.feature,,,call-arg-common.feature,call-arg-common.feature,root,passed,helper for call-arg.feature,,2025-12-19
feature-006,feature,call-arg-null-called.feature,,,call-arg-null-called.feature,called feature for call-arg-null test,root,passed,helper for call-arg-null.feature,,2025-12-18
feature-007,feature,call-arg-null.feature,,,call-arg-null.feature,tests karate.call() with args overriding null var,root,passed,implemented karate.call(); added CallFeatureTest,io/karatelabs/core/CallFeatureTest,2025-12-18
feature-008,feature,call-arg.feature,,,call-arg.feature,call-arg.feature,root,passed,call with arguments,,2025-12-19
feature-009,feature,call-by-tag-called.feature,,,call-by-tag-called.feature,call-by-tag-called.feature,root,passed,helper for call-by-tag.feature,io/karatelabs/core/CallFeatureTest,2025-12-20
feature-010,feature,call-by-tag.feature,,,call-by-tag.feature,call-by-tag.feature,root,passed,implemented call-by-tag syntax (@name=value and @tag same-file),io/karatelabs/core/CallFeatureTest,2025-12-20
feature-011,feature,call-feature-called.feature,,,call-feature-called.feature,called feature for call-feature.feature,root,passed,helper for call-feature.feature,,2025-12-18
feature-012,feature,call-feature.feature,,,call-feature.feature,call feature var with array loop,root,passed,implemented call with Feature var and array loop; uses karate.jsonPath instead of $var[*],io/karatelabs/core/CallFeatureTest,2025-12-18
feature-013,feature,call-js-called.feature,,,call-js-called.feature,call-js-called.feature,root,pending,,,
feature-014,feature,call-js.feature,,,call-js.feature,will a js call show up in the report,root,pending,,,
feature-015,feature,call-jsonpath-called.feature,,,call-jsonpath-called.feature,call-jsonpath-called.feature,root,pending,,,
feature-016,feature,call-jsonpath.feature,,,call-jsonpath.feature,call-jsonpath.feature,root,pending,,,
feature-017,feature,call-response-called.feature,,,call-response-called.feature,call-response-called.feature,root,pending,,,
feature-018,feature,call-response-mock.feature,,,call-response-mock.feature,call-response-mock.feature,root,pending,,,
feature-019,feature,call-response.feature,,,call-response.feature,call-response.feature,root,pending,,,
feature-020,feature,call-self.feature,,,call-self.feature,call-self.feature,root,pending,,,
feature-021,feature,call-single-fail-called.feature,,,call-single-fail-called.feature,call-single-fail-called.feature,root,pending,,,
feature-022,feature,call-single-fail.feature,,,call-single-fail.feature,call-single-fail.feature,root,pending,,,
feature-023,feature,call-single-tag-called.feature,,,call-single-tag-called.feature,call-single-tag-called.feature,root,pending,,,
feature-024,feature,call-single-tag.feature,,,call-single-tag.feature,call-single-tag.feature,root,pending,,,
feature-025,feature,callSingleFeature.feature,,,callSingleFeature.feature,sample feature used by karate.callSingle(),root,pending,,,
feature-026,feature,callSingleScenario.feature,,,callSingleScenario.feature,sample feature used by karate.callSingle(),root,pending,,,
feature-027,feature,called1.feature,,,called1.feature,called1.feature,root,pending,,,
feature-028,feature,called2.feature,,,called2.feature,called2.feature,root,pending,,,
feature-029,feature,callonce-bg-called.feature,,,callonce-bg-called.feature,callonce-bg-called.feature,root,pending,,,
feature-030,feature,callonce-bg-outline.feature,,,callonce-bg-outline.feature,callonce-bg-outline.feature,root,pending,,,
feature-031,feature,callonce-bg.feature,,,callonce-bg.feature,callonce-bg.feature,root,pending,,,
feature-032,feature,callonce-config-called.feature,,,callonce-config-called.feature,callonce-config-called.feature,root,pending,,,
feature-033,feature,callonce-config.feature,,,callonce-config.feature,callonce-config.feature,root,pending,,,
feature-034,feature,callonce-global-called.feature,,,callonce-global-called.feature,callonce-global-called.feature,root,pending,,,
feature-035,feature,callonce-global.feature,,,callonce-global.feature,make sure a callonce (with shared scope) in the background ,root,pending,,,
feature-036,feature,configure-in-js.feature,,,configure-in-js.feature,configure-in-js.feature,root,passed,karate.configure() from JS implemented,ConfigTest#testConfigureFromJs,2025-12-21
feature-037,feature,copy-called-nested.feature,,,copy-called-nested.feature,called file that overwites nested data,root,passed,helper for copy.feature,io/karatelabs/core/copy/,2025-12-17
feature-038,feature,copy-called-overwrite.feature,,,copy-called-overwrite.feature,called file that may or may not over-write variable in caller,root,passed,helper for copy.feature,io/karatelabs/core/copy/,2025-12-17
feature-039,feature,copy-called.feature,,,copy-called.feature,called file should not clobber vars in caller,root,passed,helper for copy.feature,io/karatelabs/core/copy/,2025-12-17
feature-040,feature,copy.feature,,,copy.feature,the difference with variable scoping in 'isolated' and 'shared' mode,root,passed,implemented shared/isolated scope; added CopyTest,io/karatelabs/core/copy/,2025-12-17
feature-041,feature,csv.feature,,,csv.feature,csv.feature,root,passed,csv keyword implemented,io/karatelabs/core/StepDefTest,2025-12-19
feature-042,feature,dummy-ui-google.feature,,,dummy-ui-google.feature,dummy-ui-google.feature,root,pending,,,
feature-043,feature,dummy.feature,,,dummy.feature,dummy.feature,root,passed,simple test feature,,2025-12-20
feature-044,feature,eval-and-set.feature,,,eval-and-set.feature,eval-and-set.feature,root,passed,fixed eval docstring + karate.set(); added StepDefTest,io/karatelabs/core/StepDefTest,2025-12-18
feature-045,feature,eval-assign.feature,,,eval-assign.feature,eval-assign.feature,root,passed,fixed property assignment with docstring; added StepDefTest,io/karatelabs/core/StepDefTest,2025-12-18
feature-046,feature,exec.feature,,,exec.feature,exec.feature,root,passed,karate.exec() implemented,io/karatelabs/core/StepExecTest,2025-12-20
feature-047,feature,extract.feature,,,extract.feature,karate.extract(),root,passed,karate.extract() and extractAll() implemented,StepJsTest#testExtract*,2025-12-21
feature-048,feature,fail-api.feature,,,fail-api.feature,fail-api.feature,root,pending,,,
feature-049,feature,fail-js.feature,,,fail-js.feature,fail-js.feature,root,pending,,,
feature-050,feature,fail-tag-failure.feature,,,fail-tag-failure.feature,fail tag failure,root,pending,,,
feature-051,feature,fail-tag.feature,,,fail-tag.feature,fail tag,root,pending,,,
feature-052,feature,fail1.feature,,,fail1.feature,fail 1,root,pending,,,
feature-053,feature,feature-result-called.feature,,,feature-result-called.feature,feature-result-called.feature,root,pending,,,
feature-054,feature,feature-result.feature,,,feature-result.feature,my feature,root,pending,,,
feature-055,feature,features/feature1.feature,,,feature1.feature,feature1.feature,features,pending,,,
feature-056,feature,features/feature2.feature,,,feature2.feature,feature2.feature,features,pending,,,
feature-057,feature,fork-listener.feature,,,fork-listener.feature,log listener example,root,passed,fork listener tested in ProcessHandleTest,io/karatelabs/process/ProcessHandleTest,2025-12-20
feature-058,feature,fork.feature,,,fork.feature,fork.feature,root,passed,karate.fork() implemented,io/karatelabs/core/StepExecTest,2025-12-20
feature-059,feature,ignore-step-failure.feature,,,ignore-step-failure.feature,continue on step failure keyword,root,pending,,,
feature-060,feature,js-arrays.feature,,,js-arrays.feature,various javascript tests,root,passed,73/73 scenarios; tests in StepJsTest StepTableTest,io/karatelabs/core/StepJsTest io/karatelabs/core/StepTableTest,2025-12-18
feature-061,feature,js-map-repeat.feature,,,js-map-repeat.feature,js-map-repeat.feature,root,passed,karate.map and karate.repeat with arrays,,2025-12-20
feature-062,feature,jscall/dummy.feature,,,dummy.feature,dummy.feature,jscall,pending,,,
feature-063,feature,jscall/js-call.feature,,,js-call.feature,js-call.feature,jscall,pending,,,
feature-064,feature,jscall/js-called.feature,,,js-called.feature,js-called.feature,jscall,pending,,,
feature-065,feature,jscall/js-callonce.feature,,,js-callonce.feature,js-callonce.feature,jscall,pending,,,
feature-066,feature,jscall/utils.feature,,,utils.feature,utils.feature,jscall,pending,,,
feature-067,feature,jscall2/all.feature,,,all.feature,responseStatus variable tests,jscall2,pending,,,
feature-068,feature,jscall2/call-once.feature,,,call-once.feature,: common setup,jscall2,pending,,,
feature-069,feature,jscall2/call-single.feature,,,call-single.feature,: common setup,jscall2,pending,,,
feature-070,feature,jscall2/call.feature,,,call.feature,: common setup,jscall2,pending,,,
feature-071,feature,jscall2/local.feature,,,local.feature,responseStatus callOnce test,jscall2,pending,,,
feature-072,feature,jscall2/mock.feature,,,mock.feature,mock.feature,jscall2,pending,,,
feature-073,feature,jsread/js-read-2.feature,,,js-read-2.feature,js-read-2.feature,jsread,passed,Fixed NPE in Scenario.replace() for unnamed scenario outlines,DynamicOutlineTest#testDynamicOutlineWithUnnamedScenario,2025-12-21
feature-074,feature,jsread/js-read-3.feature,,,js-read-3.feature,js-read-3.feature,jsread,passed,Same fix as feature-073,DynamicOutlineTest#testDynamicOutlineWithUnnamedScenario,2025-12-21
feature-075,feature,jsread/js-read-4.feature,,,js-read-4.feature,js-read-4.feature,jsread,passed,Same fix as feature-073,DynamicOutlineTest#testDynamicOutlineWithUnnamedScenario,2025-12-21
feature-076,feature,jsread/js-read-called-2.feature,,,js-read-called-2.feature,js-read-called-2.feature,jsread,pending,,,
feature-077,feature,jsread/js-read-called-3.feature,,,js-read-called-3.feature,js-read-called-3.feature,jsread,pending,,,
feature-078,feature,jsread/js-read-called.feature,,,js-read-called.feature,js-read-called.feature,jsread,pending,,,
feature-079,feature,jsread/js-read-reuse-2.feature,,,js-read-reuse-2.feature,js-read-reuse-2.feature,jsread,pending,,,
feature-080,feature,jsread/js-read-reuse-only-background.feature,,,js-read-reuse-only-background.feature,js-read-reuse-only-background.feature,jsread,pending,,,
feature-081,feature,jsread/js-read-reuse.feature,,,js-read-reuse.feature,js-read-reuse.feature,jsread,pending,,,
feature-082,feature,jsread/js-read.feature,,,js-read.feature,js-read.feature,jsread,passed,call read shorthand and this: prefix implemented,,2025-12-21
feature-083,feature,karate-config-fn.feature,,,karate-config-fn.feature,feature reuse from karate-config.js,root,pending,,,
feature-084,feature,karate-config-frombase.feature,,,karate-config-frombase.feature,karate-config-frombase.feature,root,passed,karate-base.js implemented - covered by java-026 and unit tests,ConfigTest#testKarateBaseJs*,2025-12-21
feature-085,feature,karate-config-getscenario.feature,,,karate-config-getscenario.feature,karate-config-getscenario.feature,root,pending,,,
feature-086,feature,karate-config-utils.feature,,,karate-config-utils.feature,karate-config-utils.feature,root,pending,,,
feature-087,feature,karate-get-called.feature,,,karate-get-called.feature,karate-get-called.feature,root,pending,,,
feature-088,feature,karate-get.feature,,,karate-get.feature,karate-get.feature,root,pending,,,
feature-089,feature,lower-case.feature,,,lower-case.feature,lower case helper method,root,passed,karate.lowerCase - JSON passes (XML literal parsing separate issue),io/karatelabs/core/StepJsTest,2025-12-19
feature-090,feature,match-each-magic-variables.feature,,,match-each-magic-variables.feature,match-each-magic-variables.feature,root,passed,_$ and _$$ magic variables,,2025-12-19
feature-091,feature,match-step.feature,,,match-step.feature,an edge case for com.intuit.karate.MatchStep,root,passed,match step parsing edge case,,2025-12-19
feature-092,feature,mock/_mock.feature,,,_mock.feature,_mock.feature,mock,skipped,Out of scope - V2 mock server not implemented,,
feature-093,feature,mock/_simple.feature,,,_simple.feature,_simple.feature,mock,skipped,Out of scope - V2 mock server not implemented,,
feature-094,feature,mock/binary.feature,,,binary.feature,testing binary response handling,mock,skipped,Out of scope - V2 mock server not implemented,,
feature-095,feature,mock/brotli.feature,,,brotli.feature,brotli,mock,skipped,Out of scope - V2 mock server not implemented,,
feature-096,feature,mock/call.feature,,,call.feature,call.feature,mock,skipped,Out of scope - V2 mock server not implemented,,
feature-097,feature,mock/called.feature,,,called.feature,called.feature,mock,skipped,Out of scope - V2 mock server not implemented,,
feature-098,feature,mock/cookies.feature,,,cookies.feature,testing cookies from server,mock,skipped,Out of scope - V2 mock server not implemented,,
feature-099,feature,mock/delete.feature,,,delete.feature,testing http delete method,mock,skipped,Out of scope - V2 mock server not implemented,,
feature-100,feature,mock/download.feature,,,download.feature,file serving / download,mock,skipped,Out of scope - V2 mock server not implemented,,
feature-101,feature,mock/form.feature,,,form.feature,testing form submits,mock,skipped,Out of scope - V2 mock server not implemented,,
feature-102,feature,mock/german.feature,,,german.feature,german characters and response encoding,mock,skipped,Out of scope - V2 mock server not implemented,,
feature-103,feature,mock/headers.feature,,,headers.feature,no response headers,mock,skipped,Out of scope - V2 mock server not implemented,,
feature-104,feature,mock/hello-data-driven.feature,,,hello-data-driven.feature,a karate test using cucumber scenario outlines,mock,skipped,Out of scope - V2 mock server not implemented,,
feature-105,feature,mock/hello-world.feature,,,hello-world.feature,simple example of a karate test,mock,skipped,Out of scope - V2 mock server not implemented,,
feature-106,feature,mock/html.feature,,,html.feature,html,mock,skipped,Out of scope - V2 mock server not implemented,,
feature-107,feature,mock/invalid-cookie.feature,,,invalid-cookie.feature,invalid-cookie.feature,mock,skipped,Out of scope - V2 mock server not implemented,,
feature-108,feature,mock/json-bad.feature,,,json-bad.feature,json,mock,skipped,Out of scope - V2 mock server not implemented,,
feature-109,feature,mock/json-order-mock-test.feature,,,json-order-mock-test.feature,json-order-mock-test.feature,mock,skipped,Out of scope - V2 mock server not implemented,,
feature-110,feature,mock/json-order-mock.feature,,,json-order-mock.feature,simple mock,mock,skipped,Out of scope - V2 mock server not implemented,,
feature-111,feature,mock/malformed.feature,,,malformed.feature,malformed response json,mock,skipped,Out of scope - V2 mock server not implemented,,
feature-112,feature,mock/multi-params.feature,,,multi-params.feature,testing multi param values,mock,skipped,Out of scope - V2 mock server not implemented,,
feature-113,feature,mock/no-headers.feature,,,no-headers.feature,no response headers,mock,skipped,Out of scope - V2 mock server not implemented,,
feature-114,feature,mock/no-match.feature,,,no-match.feature,no scenario matched,mock,skipped,Out of scope - V2 mock server not implemented,,
feature-115,feature,mock/param-commas.feature,,,param-commas.feature,testing commas in param values,mock,skipped,Out of scope - V2 mock server not implemented,,
feature-116,feature,mock/patch.feature,,,patch.feature,testing http patch method,mock,skipped,Out of scope - V2 mock server not implemented,,
feature-117,feature,mock/upload.feature,,,upload.feature,upload file,mock,skipped,Out of scope - V2 mock server not implemented,,
feature-118,feature,mock/url-encoding.feature,,,url-encoding.feature,url encoding,mock,skipped,Out of scope - V2 mock server not implemented,,
feature-119,feature,mock/white-space.feature,,,white-space.feature,white space edge cases,mock,skipped,Out of scope - V2 mock server not implemented,,
feature-120,feature,not-equals.feature,,,not-equals.feature,not equals tests,root,passed,match not equals syntax,,2025-12-19
feature-121,feature,ntlm-authentication.feature,,,ntlm-authentication.feature,ntlm authentication,root,pending,,,
feature-122,feature,outline-background.feature,,,outline-background.feature,outline-background.feature,root,pending,,,
feature-123,feature,outline-config-js.feature,,,outline-config-js.feature,outline-config-js.feature,root,pending,,,
feature-124,feature,outline-csv.feature,,,outline-csv.feature,outline-csv.feature,root,pending,,,
feature-125,feature,outline-dynamic-fail.feature,,,outline-dynamic-fail.feature,outline-dynamic-fail.feature,root,pending,,,
feature-126,feature,outline-dynamic.feature,,,outline-dynamic.feature,outline-dynamic.feature,root,pending,,,
feature-127,feature,outline-generator.feature,,,outline-generator.feature,outline-generator.feature,root,pending,,,
feature-128,feature,outline-setup-once.feature,,,outline-setup-once.feature,outline-setup-once.feature,root,pending,,,
feature-129,feature,outline.feature,,,outline.feature,advanced scenario outline and examples table usage,root,passed,karate.info.scenarioName implemented,,2025-12-19
feature-130,feature,parajava/parallel-java1.feature,,,parallel-java1.feature,parallel-java1.feature,parajava,skipped,Out of scope - legacy parallel runner,,
feature-131,feature,parajava/parallel-java2.feature,,,parallel-java2.feature,parallel-java2.feature,parajava,skipped,Out of scope - legacy parallel runner,,
feature-132,feature,parajava/setup.feature,,,setup.feature,setup.feature,parajava,skipped,Out of scope - legacy parallel runner,,
feature-133,feature,parallel/call-once-from-feature.feature,,,call-once-from-feature.feature,call-once-from-feature.feature,parallel,pending,,,
feature-134,feature,parallel/call-single-from-config.feature,,,call-single-from-config.feature,call-single-from-config.feature,parallel,pending,,,
feature-135,feature,parallel/call-single-from-config2.feature,,,call-single-from-config2.feature,call-single-from-config2.feature,parallel,pending,,,
feature-136,feature,parallel/call-single-from-feature.feature,,,call-single-from-feature.feature,call-single-from-feature.feature,parallel,pending,,,
feature-137,feature,parallel/called.feature,,,called.feature,called.feature,parallel,pending,,,
feature-138,feature,parallel/hello.feature,,,hello.feature,hello.feature,parallel,pending,,,
feature-139,feature,parallel/mock.feature,,,mock.feature,mock.feature,parallel,pending,,,
feature-140,feature,parallel/parallel-csv.feature,,,parallel-csv.feature,parallel-csv.feature,parallel,pending,,,
feature-141,feature,parallel/parallel-outline-1.feature,,,parallel-outline-1.feature,parallel-outline-1.feature,parallel,pending,,,
feature-142,feature,parallel/parallel-outline-2.feature,,,parallel-outline-2.feature,parallel-outline-2.feature,parallel,pending,,,
feature-143,feature,parallel/parallel-outline-call-api.feature,,,parallel-outline-call-api.feature,parallel-outline-call-api.feature,parallel,pending,,,
feature-144,feature,parallel/parallel.feature,,,parallel.feature,parallel.feature,parallel,pending,,,
feature-145,feature,parasimple/headers.feature,,,headers.feature,headers.feature,parasimple,skipped,Out of scope - legacy parallel runner,,
feature-146,feature,parasimple/parallel-outline-simple.feature,,,parallel-outline-simple.feature,parallel-outline-simple.feature,parasimple,skipped,Out of scope - legacy parallel runner,,
feature-147,feature,parser/test-comments.feature,,,test-comments.feature,test-comments.feature,parser,pending,,,
feature-148,feature,parser/test-def-docstring.feature,,,test-def-docstring.feature,docstring with trailing white space,parser,pending,,,
feature-149,feature,parser/test-edge-cases.feature,,,test-edge-cases.feature,test-edge-cases.feature,parser,pending,,,
feature-150,feature,parser/test-empty-background.feature,,,test-empty-background.feature,test-empty-background.feature,parser,pending,,,
feature-151,feature,parser/test-empty-first-line1.feature,,,test-empty-first-line1.feature,test-empty-first-line1.feature,parser,pending,,,
feature-152,feature,parser/test-empty-first-line2.feature,,,test-empty-first-line2.feature,test-empty-first-line2.feature,parser,pending,,,
feature-153,feature,parser/test-empty-first-line3.feature,,,test-empty-first-line3.feature,test-empty-first-line3.feature,parser,pending,,,
feature-154,feature,parser/test-error.feature,,,test-error.feature,the first line,parser,pending,,,
feature-155,feature,parser/test-feature-header-only.feature,,,test-feature-header-only.feature,test-feature-header-only.feature,parser,pending,,,
feature-156,feature,parser/test-hide.feature,,,test-hide.feature,test,parser,pending,,,
feature-157,feature,parser/test-ignore-feature.feature,,,test-ignore-feature.feature,the first line,parser,pending,,,
feature-158,feature,parser/test-ignore-scenario.feature,,,test-ignore-scenario.feature,first scenario should be ignored,parser,pending,,,
feature-159,feature,parser/test-outline-dynamic.feature,,,test-outline-dynamic.feature,test-outline-dynamic.feature,parser,pending,,,
feature-160,feature,parser/test-outline-examples-tags.feature,,,test-outline-examples-tags.feature,test-outline-examples-tags.feature,parser,pending,,,
feature-161,feature,parser/test-outline-name-js.feature,,,test-outline-name-js.feature,test-outline-name-js.feature,parser,pending,,,
feature-162,feature,parser/test-outline-name.feature,,,test-outline-name.feature,test-outline-name.feature,parser,pending,,,
feature-163,feature,parser/test-scenario-description.feature,,,test-scenario-description.feature,feature name,parser,pending,,,
feature-164,feature,parser/test-set-table.feature,,,test-set-table.feature,test-set-table.feature,parser,pending,,,
feature-165,feature,parser/test-simple-background.feature,,,test-simple-background.feature,the first line,parser,pending,,,
feature-166,feature,parser/test-simple.feature,,,test-simple.feature,the first line,parser,pending,,,
feature-167,feature,parser/test-table-pipe.feature,,,test-table-pipe.feature,test-table-pipe.feature,parser,pending,,,
feature-168,feature,parser/test-tags-multiline.feature,,,test-tags-multiline.feature,test-tags-multiline.feature,parser,pending,,,
feature-169,feature,payments-mock.feature,,,payments-mock.feature,payments-mock.feature,root,pending,,,
feature-170,feature,payments.feature,,,payments.feature,payments.feature,root,pending,,,
feature-171,feature,perf-mock.feature,,,perf-mock.feature,perf-mock.feature,root,pending,,,
feature-172,feature,perf.feature,,,perf.feature,perf.feature,root,pending,,,
feature-173,feature,print.feature,,,print.feature,test variations of the print keyword,root,pending,,,
feature-174,feature,read-properties.feature,,,read-properties.feature,read-properties.feature,root,pending,,,
feature-175,feature,replace.feature,,,replace.feature,replace keyword,root,passed,implemented replace with table syntax,io/karatelabs/core/StepDefTest,2025-12-19
feature-176,feature,retry/retry-with-setup.feature,,,retry-with-setup.feature,Retry with setup,retry,pending,,,
feature-177,feature,retry/test.feature,,,test.feature,retry test,retry,pending,,,
feature-178,feature,runner/aborted.feature,,,aborted.feature,abort2pass1,runner,pending,,,
feature-179,feature,runner/called-arg-loop.feature,,,called-arg-loop.feature,called-arg-loop.feature,runner,pending,,,
feature-180,feature,runner/called-arg-null.feature,,,called-arg-null.feature,called-arg-null.feature,runner,pending,,,
feature-181,feature,runner/called-arg-single.feature,,,called-arg-single.feature,called-arg-single.feature,runner,pending,,,
feature-182,feature,runner/called-shared.feature,,,called-shared.feature,called-shared.feature,runner,pending,,,
feature-183,feature,runner/called-shared2.feature,,,called-shared2.feature,called-shared2.feature,runner,pending,,,
feature-184,feature,runner/called.feature,,,called.feature,called feature,runner,pending,,,
feature-185,feature,runner/called_2.feature,,,called_2.feature,called_2.feature,runner,pending,,,
feature-186,feature,runner/caller-arg.feature,,,caller-arg.feature,caller-arg.feature,runner,pending,,,
feature-187,feature,runner/caller-shared.feature,,,caller-shared.feature,caller-shared.feature,runner,pending,,,
feature-188,feature,runner/caller-with-lambda-arg.feature,,,caller-with-lambda-arg.feature,caller-with-lambda-arg.feature,runner,pending,,,
feature-189,feature,runner/caller.feature,,,caller.feature,caller.feature,runner,pending,,,
feature-190,feature,runner/caller_2.feature,,,caller_2.feature,caller_2.feature,runner,pending,,,
feature-191,feature,runner/failed.feature,,,failed.feature,fail2pass1,runner,pending,,,
feature-192,feature,runner/hooks/hook-dynamic-outline.feature,,,hook-dynamic-outline.feature,Test Hook Feature,runner/hooks,pending,,,
feature-193,feature,runner/hooks/hook-multiple-dynamic-outline.feature,,,hook-multiple-dynamic-outline.feature,Test Hook Feature,runner/hooks,pending,,,
feature-194,feature,runner/hooks/hook-multiple-outlines.feature,,,hook-multiple-outlines.feature,Test Hook Feature,runner/hooks,pending,,,
feature-195,feature,runner/hooks/hook-outline.feature,,,hook-outline.feature,Test Hook Feature,runner/hooks,pending,,,
feature-196,feature,runner/hooks/hook-scenario.feature,,,hook-scenario.feature,Test Hook Feature,runner/hooks,pending,,,
feature-197,feature,runner/hooks/test-hook-multiexample.feature,,,test-hook-multiexample.feature,Tag Filter multi-scenario-outline feature.,runner/hooks,pending,,,
feature-198,feature,runner/hooks/test-hook-notags.feature,,,test-hook-notags.feature,no tags feature,runner/hooks,pending,,,
feature-199,feature,runner/hooks/test-hook-skip.feature,,,test-hook-skip.feature,test-hook-skip.feature,runner/hooks,pending,,,
feature-200,feature,runner/multi-scenario-fail.feature,,,multi-scenario-fail.feature,multi scenario,runner,pending,,,
feature-201,feature,runner/multi-scenario.feature,,,multi-scenario.feature,multi scenario,runner,pending,,,
feature-202,feature,runner/no-scenario-name.feature,,,no-scenario-name.feature,no-scenario-name.feature,runner,pending,,,
feature-203,feature,runner/notEqualMatch.feature,,,notEqualMatch.feature,not equal match test file,runner,pending,,,
feature-204,feature,runner/outline.feature,,,outline.feature,simple feature file,runner,pending,,,
feature-205,feature,runner/run-arg.feature,,,run-arg.feature,run-arg.feature,runner,pending,,,
feature-206,feature,runner/run-ignore.feature,,,run-ignore.feature,run-ignore.feature,runner,pending,,,
feature-207,feature,runner/scenario.feature,,,scenario.feature,simple feature file,runner,pending,,,
feature-208,feature,runner/signin.feature,,,signin.feature,signin.feature,runner,pending,,,
feature-209,feature,runner/stackoverflow-error.feature,,,stackoverflow-error.feature,stackoverflow-error.feature,runner,pending,,,
feature-210,feature,runner/table.feature,,,table.feature,table.feature,runner,pending,,,
feature-211,feature,runner/test-called-embedded-file.feature,,,test-called-embedded-file.feature,test-called-embedded-file.feature,runner,pending,,,
feature-212,feature,runner/test-called-embedded.feature,,,test-called-embedded.feature,test-called-embedded.feature,runner,pending,,,
feature-213,feature,runner/test-called.feature,,,test-called.feature,test-called.feature,runner,pending,,,
feature-214,feature,scenario-outline-result.feature,,,scenario-outline-result.feature,my feature,root,pending,,,
feature-215,feature,scenario-variable-scope.feature,,,scenario-variable-scope.feature,scenario-variable-scope.feature,root,passed,variable scoping between scenarios,,2025-12-19
feature-216,feature,schema-like.feature,,,schema-like.feature,json-schema like validation,root,pending,,,
feature-217,feature,schema-read.feature,,,schema-read.feature,schema-read.feature,root,pending,,,
feature-218,feature,set-xml.feature,,,set-xml.feature,set-xml.feature,root,passed,XML table-based set with auto-build implemented,io/karatelabs/core/StepXmlTest,2025-12-19
feature-219,feature,set.feature,,,set.feature,set.feature,root,passed,set keyword for setting json paths,,2025-12-19
feature-220,feature,single-scenario.feature,,,single-scenario.feature,sample feature with distinct signature for each scenario,root,passed,multiple scenarios in feature,,2025-12-19
feature-221,feature,sort-array.feature,,,sort-array.feature,example of js java hybrid sort,root,pending,,,
feature-222,feature,table.feature,,,table.feature,table.feature,root,passed,table keyword for creating arrays of objects,,2025-12-19
feature-223,feature,tags.feature,,,tags.feature,tags.feature,root,passed,karate.tags functionality,,2025-12-19
feature-224,feature,tags/env-tags.feature,,,env-tags.feature,env-tags.feature,tags,pending,,,
feature-225,feature,tags/outline-tags.feature,,,outline-tags.feature,outline-tags.feature,tags,pending,,,
feature-226,feature,to-bean-called.feature,,,to-bean-called.feature,to-bean-called.feature,root,pending,,,
feature-227,feature,to-bean.feature,,,to-bean.feature,demo calling java methods with complex types,root,pending,,,
feature-228,feature,type-conv.feature,,,type-conv.feature,"convert between json, xml and string",root,passed,19/23 pass; POJO tests skipped (V2 has equivalent); number formatting differences expected between JS engines,StepDefTest#testReplaceWithJsonObject StepJsTest#testJsonPathOnStringAutoConvert,2025-12-20
feature-229,feature,type-conversion.feature,,,type-conversion.feature,type-conversion.feature,root,passed,csv/yaml parsing; added testYamlNestedStructure,StepDefTest,2025-12-20
feature-230,feature,ui-google.feature,,,ui-google.feature,ui-google.feature,root,pending,,,
feature-231,feature,users-doc.feature,,,users-doc.feature,users-doc.feature,root,pending,,,
feature-232,feature,utils-reuse-common.feature,,,utils-reuse-common.feature,utils-reuse-common.feature,root,passed,helper feature with common utils,,2025-12-20
feature-233,feature,utils-reuse.feature,,,utils-reuse.feature,json and js functions loaded in the karate-config.js,root,pending,,,
feature-234,feature,websocket.feature,,,websocket.feature,websocket.feature,root,pending,,,
feature-235,feature,xml-pretty.feature,,,xml-pretty.feature,xml-pretty.feature,root,passed,XML literal + set + match support added,io/karatelabs/core/StepXmlTest,2025-12-19
feature-236,feature,xml/xml-and-xpath.feature,,,xml-and-xpath.feature,xml and xpath demos,xml,passed,2/2 scenarios pass - XML-as-JSON and XPath functions (count) fully supported,io/karatelabs/core/StepXmlTest,2025-12-19
feature-237,feature,xml/xml-call.feature,,,xml-call.feature,Example,xml,passed,4/4 scenarios pass - get xml //xpath and call with embedded XML args fixed,io/karatelabs/core/xml/XmlCallTest,2025-12-19
feature-238,feature,xml/xml-called.feature,,,xml-called.feature,xml-called.feature,xml,passed,helper for xml-call.feature,,2025-12-19
feature-239,feature,xml/xml.feature,,,xml.feature,xml samples and tests,xml,passed,36/36 scenarios pass - multi-column table set and CDATA fixed,io/karatelabs/core/StepXmlTest,2025-12-19
